Округ;Регион;Город
Сибирский;Хакасия;Абаза
Сибирский;Хакасия;Абакан
Приволжский;Оренбургская область;Абдулино
Южный;Краснодарский край;Абинск
Приволжский;Башкортостан;Агидель
Приволжский;Татарстан;Агрыз
Южный;Адыгея;Адыгейск
Приволжский;Татарстан;Азнакаево
Южный;Ростовская область;Азов
Сибирский;Тыва;Ак-Довурак
Южный;Ростовская область;Аксай
Северо-Кавказский;Северная Осетия;Алагир
Уральский;Свердловская область;Алапаевск
Приволжский;Чувашия;Алатырь
Дальневосточный;Якутия;Алдан
Сибирский;Алтайский край;Алейск
Центральный;Владимирская область;Александров
Дальневосточный;Сахалинская область;Александровск-Сахалинский
Приволжский;Пермский край;Александровск
Центральный;Белгородская область;Алексеевка
Центральный;Тульская область;Алексин
Сибирский;Иркутская область;Алзамай
Южный;Крым;Алупка
Южный;Крым;Алушта
Приволжский;Татарстан;Альметьевск
Дальневосточный;Хабаровский край;Амурск
Дальневосточный;Чукотский АО;Анадырь
Южный;Краснодарский край;Анапа
Сибирский;Иркутская область;Ангарск
Центральный;Тверская область;Андреаполь
Сибирский;Кемеровская область;Анжеро-Судженск
Дальневосточный;Сахалинская область;Анива
Северо-Западный;Мурманская область;Апатиты
Центральный;Московская область;Апрелевка
Южный;Краснодарский край;Апшеронск
Уральский;Свердловская область;Арамиль
Северо-Кавказский;Чечня;Аргун
Приволжский;Мордовия;Ардатов
Северо-Кавказский;Северная Осетия;Ардон
Приволжский;Нижегородская область;Арзамас
Приволжский;Саратовская область;Аркадак
Южный;Краснодарский край;Армавир
Южный;Крым;Армянск
Дальневосточный;Приморский край;Арсеньев
Приволжский;Татарстан;Арск
Дальневосточный;Приморский край;Артём
Сибирский;Красноярский край;Артёмовск
Уральский;Свердловская область;Артёмовский
Северо-Западный;Архангельская область;Архангельск
Уральский;Свердловская область;Асбест
Сибирский;Томская область;Асино
Южный;Астраханская область;Астрахань
Приволжский;Саратовская область;Аткарск
Южный;Астраханская область;Ахтубинск
Сибирский;Красноярский край;Ачинск
Северо-Кавказский;Чечня;Ачхой-Мартан
Уральский;Челябинская область;Аша
Северо-Западный;Вологодская область;Бабаево
Сибирский;Бурятия;Бабушкин
Приволжский;Татарстан;Бавлы
Северо-Западный;Калининградская область;Багратионовск
Сибирский;Иркутская область;Байкальск
Приволжский;Башкортостан;Баймак
Уральский;Челябинская область;Бакал
Северо-Кавказский;Кабардино-Балкария;Баксан
Центральный;Калужская область;Балабаново
Южный;Севастополь;Балаклава
Приволжский;Саратовская область;Балаково
Приволжский;Нижегородская область;Балахна
Центральный;Московская область;Балашиха
Приволжский;Саратовская область;Балашов
Сибирский;Забайкальский край;Балей
Северо-Западный;Калининградская область;Балтийск
Сибирский;Новосибирская область;Барабинск
Сибирский;Алтайский край;Барнаул
Приволжский;Ульяновская область;Барыш
Южный;Ростовская область;Батайск
Южный;Крым;Бахчисарай
Центральный;Тверская область;Бежецк
Южный;Ростовская область;Белая Калитва
Приволжский;Кировская область;Белая Холуница
Центральный;Белгородская область;Белгород
Приволжский;Башкортостан;Белебей
Приволжский;Пензенская область;Белинский
Сибирский;Кемеровская область;Белово
Дальневосточный;Амурская область;Белогорск
Южный;Крым;Белогорск
Северо-Западный;Вологодская область;Белозерск
Сибирский;Алтайский край;Белокуриха
Северо-Западный;Карелия;Беломорск
Центральный;Московская область;Белоозёрский
Приволжский;Башкортостан;Белорецк
Южный;Краснодарский край;Белореченск
Центральный;Калужская область;Белоусово
Уральский;Ханты-Мансийский АО;Белоярский
Центральный;Тверская область;Белый
Центральный;Тульская область;Белёв
Сибирский;Новосибирская область;Бердск
Приволжский;Пермский край;Березники
Сибирский;Кемеровская область;Берёзовский
Уральский;Свердловская область;Берёзовский
Северо-Кавказский;Северная Осетия;Беслан
Сибирский;Алтайский край;Бийск
Дальневосточный;Хабаровский край;Бикин
Дальневосточный;Чукотский АО;Билибино
Дальневосточный;Еврейская АО;Биробиджан
Приволжский;Башкортостан;Бирск
Сибирский;Иркутская область;Бирюсинск
Центральный;Белгородская область;Бирюч
Дальневосточный;Амурская область;Благовещенск
Приволжский;Башкортостан;Благовещенск
Северо-Кавказский;Ставропольский край;Благодарный
Центральный;Воронежская область;Бобров
Уральский;Свердловская область;Богданович
Центральный;Тульская область;Богородицк
Приволжский;Нижегородская область;Богородск
Сибирский;Красноярский край;Боготол
Центральный;Воронежская область;Богучар
Сибирский;Иркутская область;Бодайбо
Северо-Западный;Ленинградская область;Бокситогорск
Приволжский;Татарстан;Болгар
Центральный;Тверская область;Бологое
Сибирский;Новосибирская область;Болотное
Центральный;Тульская область;Болохово
Центральный;Орловская область;Болхов
Дальневосточный;Приморский край;Большой Камень
Приволжский;Нижегородская область;Бор
Сибирский;Забайкальский край;Борзя
Центральный;Воронежская область;Борисоглебск
Северо-Западный;Новгородская область;Боровичи
Центральный;Калужская область;Боровск
Сибирский;Красноярский край;Бородино
Сибирский;Иркутская область;Братск
Центральный;Московская область;Бронницы
Центральный;Брянская область;Брянск
Приволжский;Татарстан;Бугульма
Приволжский;Оренбургская область;Бугуруслан
Северо-Кавказский;Ставропольский край;Будённовск
Приволжский;Оренбургская область;Бузулук
Приволжский;Татарстан;Буинск
Центральный;Костромская область;Буй
Северо-Кавказский;Дагестан;Буйнакск
Центральный;Воронежская область;Бутурлиновка
Северо-Западный;Новгородская область;Валдай
Центральный;Белгородская область;Валуйки
Центральный;Смоленская область;Велиж
Северо-Западный;Псковская область;Великие Луки
Северо-Западный;Новгородская область;Великий Новгород
Северо-Западный;Вологодская область;Великий Устюг
Северо-Западный;Архангельская область;Вельск
Центральный;Тульская область;Венёв
Приволжский;Пермский край;Верещагино
Центральный;Московская область;Верея
Уральский;Челябинская область;Верхнеуральск
Уральский;Свердловская область;Верхний Тагил
Уральский;Челябинская область;Верхний Уфалей
Уральский;Свердловская область;Верхняя Пышма
Уральский;Свердловская область;Верхняя Салда
Уральский;Свердловская область;Верхняя Тура
Уральский;Свердловская область;Верхотурье
Дальневосточный;Якутия;Верхоянск
Центральный;Тверская область;Весьегонск
Приволжский;Нижегородская область;Ветлуга
Центральный;Московская область;Видное
Дальневосточный;Якутия;Вилюйск
Дальневосточный;Камчатский край;Вилючинск
Сибирский;Иркутская область;Вихоревка
Центральный;Ивановская область;Вичуга
Дальневосточный;Приморский край;Владивосток
Северо-Кавказский;Северная Осетия;Владикавказ
Центральный;Владимирская область;Владимир
Южный;Волгоградская область;Волгоград
Южный;Ростовская область;Волгодонск
Центральный;Костромская область;Волгореченск
Приволжский;Марий Эл;Волжск
Южный;Волгоградская область;Волжский
Северо-Западный;Вологодская область;Вологда
Приволжский;Нижегородская область;Володарск
Центральный;Московская область;Волоколамск
Северо-Западный;Ленинградская область;Волосово
Северо-Западный;Ленинградская область;Волхов
Уральский;Свердловская область;Волчанск
Приволжский;Саратовская область;Вольск
Северо-Западный;Коми;Воркута
Центральный;Воронежская область;Воронеж
Приволжский;Нижегородская область;Ворсма
Центральный;Московская область;Воскресенск
Приволжский;Удмуртия;Воткинск
Северо-Западный;Ленинградская область;Всеволожск
Северо-Западный;Коми;Вуктыл
Северо-Западный;Ленинградская область;Выборг
Приволжский;Нижегородская область;Выкса
Центральный;Московская область;Высоковск
Северо-Западный;Ленинградская область;Высоцк
Северо-Западный;Вологодская область;Вытегра
Центральный;Тверская область;Вышний Волочёк
Дальневосточный;Хабаровский край;Вяземский
Центральный;Владимирская область;Вязники
Центральный;Смоленская область;Вязьма
Приволжский;Кировская область;Вятские Поляны
Центральный;Ивановская область;Гаврилов Посад
Центральный;Ярославская область;Гаврилов-Ям
Центральный;Смоленская область;Гагарин
Северо-Западный;Мурманская область;Гаджиево
Приволжский;Оренбургская область;Гай
Центральный;Костромская область;Галич
Северо-Западный;Ленинградская область;Гатчина
Северо-Западный;Калининградская область;Гвардейск
Северо-Западный;Псковская область;Гдов
Южный;Краснодарский край;Геленджик
Северо-Кавказский;Ставропольский край;Георгиевск
Приволжский;Удмуртия;Глазов
Центральный;Московская область;Голицыно
Приволжский;Нижегородская область;Горбатов
Сибирский;Алтай;Горно-Алтайск
Приволжский;Пермский край;Горнозаводск
Сибирский;Алтайский край;Горняк
Приволжский;Нижегородская область;Городец
Приволжский;Пензенская область;Городище
Южный;Калмыкия;Городовиковск
Центральный;Владимирская область;Гороховец
Южный;Краснодарский край;Горячий Ключ
Центральный;Белгородская область;Грайворон
Приволжский;Пермский край;Гремячинск
Северо-Кавказский;Чечня;Грозный
Центральный;Липецкая область;Грязи
Северо-Западный;Вологодская область;Грязовец
Приволжский;Пермский край;Губаха
Центральный;Белгородская область;Губкин
Уральский;Ямало-Ненецкий АО;Губкинский
Северо-Кавказский;Чечня;Гудермес
Южный;Ростовская область;Гуково
Южный;Краснодарский край;Гулькевичи
Северо-Западный;Калининградская область;Гурьевск
Сибирский;Кемеровская область;Гурьевск
Северо-Западный;Калининградская область;Гусев
Сибирский;Бурятия;Гусиноозёрск
Центральный;Владимирская область;Гусь-Хрустальный
Приволжский;Башкортостан;Давлеканово
Северо-Кавказский;Дагестан;Дагестанские Огни
Уральский;Курганская область;Далматово
Дальневосточный;Приморский край;Дальнегорск
Дальневосточный;Приморский край;Дальнереченск
Центральный;Ярославская область;Данилов
Центральный;Липецкая область;Данков
Уральский;Свердловская область;Дегтярск
Центральный;Московская область;Дедовск
Центральный;Смоленская область;Демидов
Северо-Кавказский;Дагестан;Дербент
Центральный;Смоленская область;Десногорск
Южный;Крым;Джанкой
Приволжский;Нижегородская область;Дзержинск
Центральный;Московская область;Дзержинский
Сибирский;Красноярский край;Дивногорск
Северо-Кавказский;Северная Осетия;Дигора
Приволжский;Ульяновская область;Димитровград
Центральный;Курская область;Дмитриев
Центральный;Московская область;Дмитров
Центральный;Орловская область;Дмитровск
Северо-Западный;Псковская область;Дно
Приволжский;Пермский край;Добрянка
Центральный;Московская область;Долгопрудный
Дальневосточный;Сахалинская область;Долинск
Центральный;Московская область;Домодедово
Южный;Ростовская область;Донецк
Центральный;Тульская область;Донской
Центральный;Смоленская область;Дорогобуж
Центральный;Московская область;Дрезна
Центральный;Московская область;Дубна
Южный;Волгоградская область;Дубовка
Сибирский;Красноярский край;Дудинка
Центральный;Смоленская область;Духовщина
Приволжский;Башкортостан;Дюртюли
Центральный;Брянская область;Дятьково
Южный;Крым;Евпатория
Центральный;Московская область;Егорьевск
Южный;Краснодарский край;Ейск
Уральский;Свердловская область;Екатеринбург
Приволжский;Татарстан;Елабуга
Центральный;Липецкая область;Елец
Дальневосточный;Камчатский край;Елизово
Центральный;Смоленская область;Ельня
Уральский;Челябинская область;Еманжелинск
Северо-Западный;Коми;Емва
Сибирский;Красноярский край;Енисейск
Центральный;Калужская область;Ермолино
Приволжский;Саратовская область;Ершов
Северо-Кавказский;Ставропольский край;Ессентуки
Центральный;Тульская область;Ефремов
Северо-Кавказский;Ставропольский край;Железноводск
Сибирский;Иркутская область;Железногорск-Илимский
Сибирский;Красноярский край;Железногорск
Центральный;Курская область;Железногорск
Центральный;Тамбовская область;Жердевка
Приволжский;Самарская область;Жигулёвск
Центральный;Калужская область;Жиздра
Южный;Волгоградская область;Жирновск
Центральный;Калужская область;Жуков
Центральный;Брянская область;Жуковка
Центральный;Московская область;Жуковский
Дальневосточный;Амурская область;Завитинск
Уральский;Тюменская область;Заводоуковск
Центральный;Ивановская область;Заволжск
Приволжский;Нижегородская область;Заволжье
Центральный;Липецкая область;Задонск
Приволжский;Татарстан;Заинск
Сибирский;Бурятия;Закаменск
Сибирский;Красноярский край;Заозёрный
Северо-Западный;Мурманская область;Заозёрск
Центральный;Тверская область;Западная Двина
Северо-Западный;Мурманская область;Заполярный
Центральный;Московская область;Зарайск
Приволжский;Пензенская область;Заречный
Уральский;Свердловская область;Заречный
Сибирский;Алтайский край;Заринск
Приволжский;Марий Эл;Звенигово
Центральный;Московская область;Звенигород
Южный;Ростовская область;Зверево
Сибирский;Красноярский край;Зеленогорск
Северо-Западный;Санкт-Петербург;Зеленогорск
Центральный;Москва;Зеленоград
Северо-Западный;Калининградская область;Зеленоградск
Приволжский;Татарстан;Зеленодольск
Северо-Кавказский;Ставропольский край;Зеленокумск
Южный;Ростовская область;Зерноград
Дальневосточный;Амурская область;Зея
Сибирский;Иркутская область;Зима
Уральский;Челябинская область;Златоуст
Центральный;Брянская область;Злынка
Сибирский;Алтайский край;Змеиногорск
Южный;Астраханская область;Знаменск
Центральный;Тверская область;Зубцов
Приволжский;Кировская область;Зуевка
Северо-Западный;Ленинградская область;Ивангород
Центральный;Ивановская область;Иваново
Центральный;Московская область;Ивантеевка
Уральский;Свердловская область;Ивдель
Сибирский;Красноярский край;Игарка
Приволжский;Удмуртия;Ижевск
Северо-Кавказский;Дагестан;Избербаш
Северо-Кавказский;Ставропольский край;Изобильный
Сибирский;Красноярский край;Иланский
Приволжский;Ульяновская область;Инза
Южный;Севастополь;Инкерман
Приволжский;Татарстан;Иннополис
Приволжский;Мордовия;Инсар
Северо-Западный;Коми;Инта
Северо-Кавказский;Ставропольский край;Ипатово
Уральский;Свердловская область;Ирбит
Сибирский;Иркутская область;Иркутск
Сибирский;Омская область;Исилькуль
Сибирский;Новосибирская область;Искитим
Центральный;Московская область;Истра
Уральский;Тюменская область;Ишим
Приволжский;Башкортостан;Ишимбай
Приволжский;Марий Эл;Йошкар-Ола
Северо-Западный;Вологодская область;Кадников
Приволжский;Татарстан;Казань
Южный;Волгоградская область;Калач-на-Дону
Центральный;Воронежская область;Калач
Сибирский;Омская область;Калачинск
Северо-Западный;Калининградская область;Калининград
Приволжский;Саратовская область;Калининск
Сибирский;Кемеровская область;Калтан
Центральный;Калужская область;Калуга
Центральный;Тверская область;Калязин
Приволжский;Удмуртия;Камбарка
Приволжский;Пензенская область;Каменка
Северо-Западный;Ленинградская область;Каменногорск
Уральский;Свердловская область;Каменск-Уральский
Южный;Ростовская область;Каменск-Шахтинский
Сибирский;Алтайский край;Камень-на-Оби
Центральный;Владимирская область;Камешково
Южный;Астраханская область;Камызяк
Южный;Волгоградская область;Камышин
Уральский;Свердловская область;Камышлов
Приволжский;Чувашия;Канаш
Северо-Западный;Мурманская область;Кандалакша
Сибирский;Красноярский край;Канск
Центральный;Владимирская область;Карабаново
Уральский;Челябинская область;Карабаш
Северо-Кавказский;Ингушетия;Карабулак
Сибирский;Новосибирская область;Карасук
Северо-Кавказский;Карачаево-Черкесия;Карачаевск
Центральный;Брянская область;Карачев
Сибирский;Новосибирская область;Каргат
Северо-Западный;Архангельская область;Каргополь
Уральский;Свердловская область;Карпинск
Уральский;Челябинская область;Карталы
Центральный;Рязанская область;Касимов
Уральский;Челябинская область;Касли
Северо-Кавказский;Дагестан;Каспийск
Уральский;Челябинская область;Катав-Ивановск
Уральский;Курганская область;Катайск
Уральский;Свердловская область;Качканар
Центральный;Тверская область;Кашин
Центральный;Московская область;Кашира
Сибирский;Томская область;Кедровый
Сибирский;Кемеровская область;Кемерово
Северо-Западный;Карелия;Кемь
Южный;Крым;Керчь
Приволжский;Пермский край;Кизел
Северо-Кавказский;Дагестан;Кизилюрт
Северо-Кавказский;Дагестан;Кизляр
Центральный;Тульская область;Кимовск
Центральный;Тверская область;Кимры
Северо-Западный;Ленинградская область;Кингисепп
Приволжский;Самарская область;Кинель
Центральный;Ивановская область;Кинешма
Центральный;Тульская область;Киреевск
Сибирский;Иркутская область;Киренск
Центральный;Владимирская область;Киржач
Северо-Западный;Вологодская область;Кириллов
Северо-Западный;Ленинградская область;Кириши
Центральный;Калужская область;Киров
Приволжский;Кировская область;Киров
Уральский;Свердловская область;Кировград
Приволжский;Кировская область;Кирово-Чепецк
Северо-Западный;Ленинградская область;Кировск
Северо-Западный;Мурманская область;Кировск
Приволжский;Кировская область;Кирс
Центральный;Тамбовская область;Кирсанов
Сибирский;Кемеровская область;Киселёвск
Северо-Кавказский;Ставропольский край;Кисловодск
Центральный;Московская область;Клин
Центральный;Брянская область;Клинцы
Приволжский;Нижегородская область;Княгинино
Северо-Западный;Мурманская область;Ковдор
Центральный;Владимирская область;Ковров
Приволжский;Мордовия;Ковылкино
Уральский;Ханты-Мансийский АО;Когалым
Сибирский;Красноярский край;Кодинск
Центральный;Калужская область;Козельск
Приволжский;Чувашия;Козловка
Приволжский;Марий Эл;Козьмодемьянск
Северо-Западный;Мурманская область;Кола
Центральный;Костромская область;Кологрив
Центральный;Московская область;Коломна
Сибирский;Томская область;Колпашево
Северо-Западный;Санкт-Петербург;Колпино
Северо-Западный;Ленинградская область;Колтуши
Центральный;Владимирская область;Кольчугино
Северо-Западный;Ленинградская область;Коммунар
Дальневосточный;Хабаровский край;Комсомольск-на-Амуре
Центральный;Ивановская область;Комсомольск
Центральный;Тверская область;Конаково
Северо-Западный;Карелия;Кондопога
Центральный;Калужская область;Кондрово
Южный;Ростовская область;Константиновск
Уральский;Челябинская область;Копейск
Центральный;Рязанская область;Кораблино
Южный;Краснодарский край;Кореновск
Уральский;Челябинская область;Коркино
Центральный;Московская область;Королёв
Центральный;Белгородская область;Короча
Дальневосточный;Сахалинская область;Корсаков
Северо-Западный;Архангельская область;Коряжма
Центральный;Владимирская область;Костерёво
Северо-Западный;Карелия;Костомукша
Центральный;Костромская область;Кострома
Центральный;Московская область;Котельники
Южный;Волгоградская область;Котельниково
Приволжский;Кировская область;Котельнич
Северо-Западный;Архангельская область;Котлас
Южный;Волгоградская область;Котово
Центральный;Тамбовская область;Котовск
Центральный;Ивановская область;Кохма
Северо-Западный;Вологодская область;Красавино
Центральный;Московская область;Красноармейск
Приволжский;Саратовская область;Красноармейск
Приволжский;Пермский край;Красновишерск
Центральный;Московская область;Красногорск
Южный;Краснодарский край;Краснодар
Северо-Западный;Санкт-Петербург;Красное Село
Центральный;Московская область;Краснозаводск
Северо-Западный;Калининградская область;Краснознаменск
Центральный;Московская область;Краснознаменск
Сибирский;Забайкальский край;Краснокаменск
Приволжский;Пермский край;Краснокамск
Южный;Крым;Красноперекопск
Южный;Волгоградская область;Краснослободск
Приволжский;Мордовия;Краснослободск
Уральский;Свердловская область;Краснотурьинск
Уральский;Свердловская область;Красноуральск
Уральский;Свердловская область;Красноуфимск
Сибирский;Красноярский край;Красноярск
Приволжский;Саратовская область;Красный Кут
Южный;Ростовская область;Красный Сулин
Центральный;Тверская область;Красный Холм
Центральный;Калужская область;Кремёнки
Северо-Западный;Санкт-Петербург;Кронштадт
Южный;Краснодарский край;Кропоткин
Южный;Краснодарский край;Крымск
Приволжский;Нижегородская область;Кстово
Центральный;Московская область;Кубинка
Приволжский;Оренбургская область;Кувандык
Центральный;Тверская область;Кувшиново
Северо-Западный;Ленинградская область;Кудрово
Приволжский;Пермский край;Кудымкар
Приволжский;Пензенская область;Кузнецк
Сибирский;Новосибирская область;Куйбышев
Приволжский;Татарстан;Кукмор
Приволжский;Нижегородская область;Кулебаки
Приволжский;Башкортостан;Кумертау
Приволжский;Пермский край;Кунгур
Сибирский;Новосибирская область;Купино
Уральский;Курганская область;Курган
Южный;Краснодарский край;Курганинск
Дальневосточный;Сахалинская область;Курильск
Центральный;Владимирская область;Курлово
Центральный;Московская область;Куровское
Центральный;Курская область;Курск
Уральский;Курганская область;Куртамыш
Северо-Кавказский;Чечня;Курчалой
Центральный;Курская область;Курчатов
Уральский;Челябинская область;Куса
Уральский;Свердловская область;Кушва
Сибирский;Тыва;Кызыл
Уральский;Челябинская область;Кыштым
Сибирский;Бурятия;Кяхта
Южный;Краснодарский край;Лабинск
Уральский;Ямало-Ненецкий АО;Лабытнанги
Южный;Калмыкия;Лагань
Северо-Западный;Калининградская область;Ладушкин
Приволжский;Татарстан;Лаишево
Центральный;Владимирская область;Лакинск
Уральский;Ханты-Мансийский АО;Лангепас
Северо-Западный;Карелия;Лахденпохья
Центральный;Липецкая область;Лебедянь
Приволжский;Татарстан;Лениногорск
Сибирский;Кемеровская область;Ленинск-Кузнецкий
Южный;Волгоградская область;Ленинск
Дальневосточный;Якутия;Ленск
Северо-Кавказский;Ставропольский край;Лермонтов
Уральский;Свердловская область;Лесной
Дальневосточный;Приморский край;Лесозаводск
Сибирский;Красноярский край;Лесосибирск
Центральный;Орловская область;Ливны
Центральный;Московская область;Ликино-Дулёво
Центральный;Липецкая область;Липецк
Центральный;Тульская область;Липки
Центральный;Воронежская область;Лиски
Центральный;Тверская область;Лихославль
Центральный;Московская область;Лобня
Северо-Западный;Ленинградская область;Лодейное Поле
Северо-Западный;Санкт-Петербург;Ломоносов
Центральный;Московская область;Лосино-Петровский
Северо-Западный;Ленинградская область;Луга
Приволжский;Кировская область;Луза
Приволжский;Нижегородская область;Лукоянов
Центральный;Московская область;Луховицы
Приволжский;Нижегородская область;Лысково
Приволжский;Пермский край;Лысьва
Центральный;Московская область;Лыткарино
Центральный;Курская область;Льгов
Северо-Западный;Ленинградская область;Любань
Центральный;Московская область;Люберцы
Центральный;Ярославская область;Любим
Центральный;Калужская область;Людиново
Уральский;Ханты-Мансийский АО;Лянтор
Дальневосточный;Магаданская область;Магадан
Северо-Кавказский;Ингушетия;Магас
Уральский;Челябинская область;Магнитогорск
Южный;Адыгея;Майкоп
Северо-Кавказский;Кабардино-Балкария;Майский
Дальневосточный;Сахалинская область;Макаров
Центральный;Костромская область;Макарьев
Уральский;Курганская область;Макушино
Северо-Западный;Новгородская область;Малая Вишера
Северо-Кавказский;Ингушетия;Малгобек
Приволжский;Кировская область;Малмыж
Центральный;Орловская область;Малоархангельск
Центральный;Калужская область;Малоярославец
Приволжский;Татарстан;Мамадыш
Северо-Западный;Калининградская область;Мамоново
Центральный;Костромская область;Мантурово
Сибирский;Кемеровская область;Мариинск
Приволжский;Чувашия;Мариинский Посад
Приволжский;Саратовская область;Маркс
Северо-Кавказский;Дагестан;Махачкала
Центральный;Брянская область;Мглин
Уральский;Ханты-Мансийский АО;Мегион
Северо-Западный;Карелия;Медвежьегорск
Приволжский;Оренбургская область;Медногорск
Центральный;Калужская область;Медынь
Приволжский;Башкортостан;Межгорье
Сибирский;Кемеровская область;Междуреченск
Северо-Западный;Архангельская область;Мезень
Центральный;Владимирская область;Меленки
Приволжский;Башкортостан;Мелеуз
Приволжский;Татарстан;Менделеевск
Приволжский;Татарстан;Мензелинск
Центральный;Калужская область;Мещовск
Уральский;Челябинская область;Миасс
Северо-Западный;Коми;Микунь
Южный;Ростовская область;Миллерово
Северо-Кавказский;Ставропольский край;Минеральные Воды
Сибирский;Красноярский край;Минусинск
Уральский;Челябинская область;Миньяр
Северо-Западный;Архангельская область;Мирный
Дальневосточный;Якутия;Мирный
Центральный;Рязанская область;Михайлов
Южный;Волгоградская область;Михайловка
Уральский;Свердловская область;Михайловск
Северо-Кавказский;Ставропольский край;Михайловск
Центральный;Тамбовская область;Мичуринск
Сибирский;Забайкальский край;Могоча
Центральный;Московская область;Можайск
Приволжский;Удмуртия;Можга
Северо-Кавказский;Северная Осетия;Моздок
Северо-Западный;Мурманская область;Мончегорск
Южный;Ростовская область;Морозовск
Центральный;Тамбовская область;Моршанск
Центральный;Калужская область;Мосальск
Центральный;Москва;Москва
Центральный;Москва;Московский
Уральский;Ямало-Ненецкий АО;Муравленко
Приволжский;Кировская область;Мураши
Северо-Западный;Ленинградская область;Мурино
Северо-Западный;Мурманская область;Мурманск
Центральный;Владимирская область;Муром
Центральный;Орловская область;Мценск
Сибирский;Кемеровская область;Мыски
Центральный;Московская область;Мытищи
Центральный;Ярославская область;Мышкин
Приволжский;Татарстан;Набережные Челны
Приволжский;Нижегородская область;Навашино
Центральный;Ивановская область;Наволоки
Уральский;Ямало-Ненецкий АО;Надым
Сибирский;Красноярский край;Назарово
Северо-Кавказский;Ингушетия;Назрань
Сибирский;Омская область;Называевск
Северо-Кавказский;Кабардино-Балкария;Нальчик
Южный;Астраханская область;Нариманов
Центральный;Московская область;Наро-Фоминск
Северо-Кавказский;Кабардино-Балкария;Нарткала
Северо-Западный;Ненецкий АО;Нарьян-Мар
Дальневосточный;Приморский край;Находка
Северо-Западный;Псковская область;Невель
Дальневосточный;Сахалинская область;Невельск
Северо-Кавказский;Ставропольский край;Невинномысск
Уральский;Свердловская область;Невьянск
Центральный;Тверская область;Нелидово
Северо-Западный;Калининградская область;Неман
Центральный;Костромская область;Нерехта
Сибирский;Забайкальский край;Нерчинск
Дальневосточный;Якутия;Нерюнгри
Северо-Западный;Калининградская область;Нестеров
Приволжский;Самарская область;Нефтегорск
Приволжский;Башкортостан;Нефтекамск
Северо-Кавказский;Ставропольский край;Нефтекумск
Уральский;Ханты-Мансийский АО;Нефтеюганск
Центральный;Костромская область;Нея
Уральский;Ханты-Мансийский АО;Нижневартовск
Приволжский;Татарстан;Нижнекамск
Сибирский;Иркутская область;Нижнеудинск
Уральский;Свердловская область;Нижние Серги
Приволжский;Пензенская область;Нижний Ломов
Приволжский;Нижегородская область;Нижний Новгород
Уральский;Свердловская область;Нижний Тагил
Уральский;Свердловская область;Нижняя Салда
Уральский;Свердловская область;Нижняя Тура
Дальневосточный;Хабаровский край;Николаевск-на-Амуре
Южный;Волгоградская область;Николаевск
Северо-Западный;Вологодская область;Никольск
Приволжский;Пензенская область;Никольск
Северо-Западный;Ленинградская область;Никольское
Северо-Западный;Ленинградская область;Новая Ладога
Уральский;Свердловская область;Новая Ляля
Северо-Кавказский;Ставропольский край;Новоалександровск
Сибирский;Алтайский край;Новоалтайск
Южный;Волгоградская область;Новоаннинский
Центральный;Воронежская область;Нововоронеж
Северо-Западный;Архангельская область;Новодвинск
Центральный;Брянская область;Новозыбков
Южный;Краснодарский край;Новокубанск
Сибирский;Кемеровская область;Новокузнецк
Приволжский;Самарская область;Новокуйбышевск
Центральный;Рязанская область;Новомичуринск
Центральный;Тульская область;Новомосковск
Северо-Кавказский;Ставропольский край;Новопавловск
Северо-Западный;Псковская область;Новоржев
Южный;Краснодарский край;Новороссийск
Сибирский;Новосибирская область;Новосибирск
Центральный;Орловская область;Новосиль
Северо-Западный;Псковская область;Новосокольники
Приволжский;Оренбургская область;Новотроицк
Приволжский;Саратовская область;Новоузенск
Приволжский;Ульяновская область;Новоульяновск
Уральский;Свердловская область;Новоуральск
Центральный;Воронежская область;Новохопёрск
Приволжский;Чувашия;Новочебоксарск
Южный;Ростовская область;Новочеркасск
Южный;Ростовская область;Новошахтинск
Центральный;Белгородская область;Новый Оскол
Уральский;Ямало-Ненецкий АО;Новый Уренгой
Центральный;Московская область;Ногинск
Приволжский;Кировская область;Нолинск
Сибирский;Красноярский край;Норильск
Уральский;Ямало-Ненецкий АО;Ноябрьск
Приволжский;Татарстан;Нурлат
Приволжский;Пермский край;Нытва
Дальневосточный;Якутия;Нюрба
Уральский;Ханты-Мансийский АО;Нягань
Уральский;Челябинская область;Нязепетровск
Северо-Западный;Архангельская область;Няндома
Дальневосточный;Еврейская АО;Облучье
Центральный;Калужская область;Обнинск
Центральный;Курская область;Обоянь
Сибирский;Новосибирская область;Обь
Центральный;Московская область;Одинцово
Северо-Западный;Калининградская область;Озёрск
Уральский;Челябинская область;Озёрск
Центральный;Московская область;Озёры
Приволжский;Самарская область;Октябрьск
Приволжский;Башкортостан;Октябрьский
Северо-Западный;Новгородская область;Окуловка
Северо-Западный;Мурманская область;Оленегорск
Северо-Западный;Карелия;Олонец
Дальневосточный;Якутия;Олёкминск
Сибирский;Омская область;Омск
Приволжский;Кировская область;Омутнинск
Северо-Западный;Архангельская область;Онега
Северо-Западный;Псковская область;Опочка
Приволжский;Оренбургская область;Оренбург
Центральный;Московская область;Орехово-Зуево
Приволжский;Кировская область;Орлов
Приволжский;Оренбургская область;Орск
Центральный;Орловская область;Орел
Приволжский;Пермский край;Оса
Сибирский;Кемеровская область;Осинники
Центральный;Тверская область;Осташков
Северо-Западный;Псковская область;Остров
Северо-Западный;Мурманская область;Островной
Центральный;Воронежская область;Острогожск
Северо-Западный;Ленинградская область;Отрадное
Приволжский;Самарская область;Отрадный
Дальневосточный;Сахалинская область;Оха
Приволжский;Пермский край;Оханск
Приволжский;Пермский край;Очёр
Приволжский;Нижегородская область;Павлово
Центральный;Воронежская область;Павловск
Северо-Западный;Санкт-Петербург;Павловск
Центральный;Московская область;Павловский Посад
Южный;Волгоградская область;Палласовка
Дальневосточный;Приморский край;Партизанск
Дальневосточный;Чукотский АО;Певек
Приволжский;Пензенская область;Пенза
Приволжский;Нижегородская область;Первомайск
Уральский;Свердловская область;Первоуральск
Приволжский;Нижегородская область;Перевоз
Центральный;Московская область;Пересвет
Центральный;Ярославская область;Переславль-Залесский
Приволжский;Пермский край;Пермь
Северо-Западный;Новгородская область;Пестово
Северо-Западный;Санкт-Петербург;Петергоф
Южный;Волгоградская область;Петров Вал
Сибирский;Забайкальский край;Петровск-Забайкальский
Приволжский;Саратовская область;Петровск
Северо-Западный;Карелия;Петрозаводск
Дальневосточный;Камчатский край;Петропавловск-Камчатский
Уральский;Курганская область;Петухово
Центральный;Владимирская область;Петушки
Северо-Западный;Коми;Печора
Северо-Западный;Псковская область;Печоры
Северо-Западный;Ленинградская область;Пикалёво
Северо-Западный;Калининградская область;Пионерский
Северо-Западный;Карелия;Питкяранта
Центральный;Тульская область;Плавск
Уральский;Челябинская область;Пласт
Центральный;Ивановская область;Плёс
Центральный;Воронежская область;Поворино
Центральный;Московская область;Подольск
Северо-Западный;Ленинградская область;Подпорожье
Уральский;Ханты-Мансийский АО;Покачи
Центральный;Владимирская область;Покров
Дальневосточный;Якутия;Покровск
Уральский;Свердловская область;Полевской
Северо-Западный;Калининградская область;Полесск
Сибирский;Кемеровская область;Полысаево
Северо-Западный;Мурманская область;Полярные Зори
Северо-Западный;Мурманская область;Полярный
Дальневосточный;Сахалинская область;Поронайск
Северо-Западный;Псковская область;Порхов
Приволжский;Самарская область;Похвистнево
Центральный;Брянская область;Почеп
Центральный;Смоленская область;Починок
Центральный;Ярославская область;Пошехонье
Северо-Западный;Калининградская область;Правдинск
Центральный;Ивановская область;Приволжск
Северо-Западный;Калининградская область;Приморск
Северо-Западный;Ленинградская область;Приморск
Южный;Краснодарский край;Приморско-Ахтарск
Северо-Западный;Ленинградская область;Приозерск
Сибирский;Кемеровская область;Прокопьевск
Южный;Ростовская область;Пролетарск
Центральный;Московская область;Протвино
Северо-Кавказский;Кабардино-Балкария;Прохладный
Северо-Западный;Псковская область;Псков
Приволжский;Саратовская область;Пугачёв
Северо-Западный;Карелия;Пудож
Северо-Западный;Псковская область;Пустошка
Центральный;Ивановская область;Пучеж
Северо-Западный;Санкт-Петербург;Пушкин
Центральный;Московская область;Пушкино
Центральный;Московская область;Пущино
Северо-Западный;Псковская область;Пыталово
Уральский;Ханты-Мансийский АО;Пыть-Ях
Северо-Кавказский;Ставропольский край;Пятигорск
Центральный;Владимирская область;Радужный
Уральский;Ханты-Мансийский АО;Радужный
Дальневосточный;Амурская область;Райчихинск
Центральный;Московская область;Раменское
Центральный;Тамбовская область;Рассказово
Уральский;Свердловская область;Ревда
Уральский;Свердловская область;Реж
Центральный;Московская область;Реутов
Центральный;Тверская область;Ржев
Центральный;Ивановская область;Родники
Центральный;Смоленская область;Рославль
Центральный;Воронежская область;Россошь
Южный;Ростовская область;Ростов-на-Дону
Центральный;Ярославская область;Ростов
Центральный;Московская область;Рошаль
Приволжский;Саратовская область;Ртищево
Сибирский;Алтайский край;Рубцовск
Центральный;Смоленская область;Рудня
Центральный;Московская область;Руза
Приволжский;Мордовия;Рузаевка
Центральный;Ярославская область;Рыбинск
Центральный;Рязанская область;Рыбное
Центральный;Курская область;Рыльск
Центральный;Рязанская область;Ряжск
Центральный;Рязанская область;Рязань
Южный;Крым;Саки
Приволжский;Башкортостан;Салават
Сибирский;Кемеровская область;Салаир
Уральский;Ямало-Ненецкий АО;Салехард
Южный;Ростовская область;Сальск
Приволжский;Самарская область;Самара
Северо-Западный;Санкт-Петербург;Санкт-Петербург
Приволжский;Мордовия;Саранск
Приволжский;Удмуртия;Сарапул
Приволжский;Саратовская область;Саратов
Приволжский;Нижегородская область;Саров
Центральный;Рязанская область;Сасово
Уральский;Челябинская область;Сатка
Центральный;Смоленская область;Сафоново
Сибирский;Хакасия;Саяногорск
Сибирский;Иркутская область;Саянск
Северо-Западный;Калининградская область;Светлогорск
Северо-Кавказский;Ставропольский край;Светлоград
Северо-Западный;Калининградская область;Светлый
Северо-Западный;Ленинградская область;Светогорск
Сибирский;Иркутская область;Свирск
Дальневосточный;Амурская область;Свободный
Северо-Западный;Псковская область;Себеж
Южный;Севастополь;Севастополь
Дальневосточный;Сахалинская область;Северо-Курильск
Сибирский;Бурятия;Северобайкальск
Северо-Западный;Архангельская область;Северодвинск
Северо-Западный;Мурманская область;Североморск
Уральский;Свердловская область;Североуральск
Сибирский;Томская область;Северск
Центральный;Брянская область;Севск
Северо-Западный;Карелия;Сегежа
Центральный;Брянская область;Сельцо
Южный;Ростовская область;Семикаракорск
Центральный;Воронежская область;Семилуки
Приволжский;Нижегородская область;Семёнов
Приволжский;Ульяновская область;Сенгилей
Южный;Волгоградская область;Серафимович
Приволжский;Нижегородская область;Сергач
Центральный;Московская область;Сергиев Посад
Приволжский;Пензенская область;Сердобск
Уральский;Свердловская область;Серов
Центральный;Московская область;Серпухов
Северо-Западный;Ленинградская область;Сертолово
Северо-Западный;Санкт-Петербург;Сестрорецк
Приволжский;Башкортостан;Сибай
Уральский;Челябинская область;Сим
Южный;Крым;Симферополь
Дальневосточный;Амурская область;Сковородино
Центральный;Рязанская область;Скопин
Сибирский;Алтайский край;Славгород
Северо-Западный;Калининградская область;Славск
Южный;Краснодарский край;Славянск-на-Кубани
Северо-Западный;Ленинградская область;Сланцы
Приволжский;Кировская область;Слободской
Сибирский;Иркутская область;Слюдянка
Центральный;Смоленская область;Смоленск
Уральский;Челябинская область;Снежинск
Северо-Западный;Мурманская область;Снежногорск
Центральный;Владимирская область;Собинка
Северо-Западный;Калининградская область;Советск
Приволжский;Кировская область;Советск
Центральный;Тульская область;Советск
Дальневосточный;Хабаровский край;Советская Гавань
Уральский;Ханты-Мансийский АО;Советский
Северо-Западный;Вологодская область;Сокол
Центральный;Костромская область;Солигалич
Приволжский;Пермский край;Соликамск
Центральный;Московская область;Солнечногорск
Приволжский;Оренбургская область;Соль-Илецк
Северо-Западный;Архангельская область;Сольвычегодск
Северо-Западный;Новгородская область;Сольцы
Приволжский;Оренбургская область;Сорочинск
Сибирский;Хакасия;Сорск
Северо-Западный;Карелия;Сортавала
Центральный;Калужская область;Сосенский
Приволжский;Кировская область;Сосновка
Сибирский;Красноярский край;Сосновоборск
Северо-Западный;Ленинградская область;Сосновый Бор
Северо-Западный;Коми;Сосногорск
Южный;Краснодарский край;Сочи
Центральный;Калужская область;Спас-Деменск
Центральный;Рязанская область;Спас-Клепики
Дальневосточный;Приморский край;Спасск-Дальний
Центральный;Рязанская область;Спасск-Рязанский
Приволжский;Пензенская область;Спасск
Дальневосточный;Якутия;Среднеколымск
Уральский;Свердловская область;Среднеуральск
Сибирский;Забайкальский край;Сретенск
Северо-Кавказский;Ставропольский край;Ставрополь
Центральный;Московская область;Старая Купавна
Северо-Западный;Новгородская область;Старая Русса
Центральный;Тверская область;Старица
Центральный;Брянская область;Стародуб
Южный;Крым;Старый Крым
Центральный;Белгородская область;Старый Оскол
Приволжский;Башкортостан;Стерлитамак
Сибирский;Томская область;Стрежевой
Центральный;Белгородская область;Строитель
Центральный;Владимирская область;Струнино
Центральный;Московская область;Ступино
Центральный;Тульская область;Суворов
Южный;Крым;Судак
Центральный;Курская область;Суджа
Центральный;Владимирская область;Судогда
Центральный;Владимирская область;Суздаль
Северо-Кавказский;Ингушетия;Сунжа
Северо-Западный;Карелия;Суоярви
Центральный;Брянская область;Сураж
Уральский;Ханты-Мансийский АО;Сургут
Южный;Волгоградская область;Суровикино
Приволжский;Пензенская область;Сурск
Дальневосточный;Магаданская область;Сусуман
Центральный;Калужская область;Сухиничи
Уральский;Свердловская область;Сухой Лог
Приволжский;Самарская область;Сызрань
Северо-Западный;Коми;Сыктывкар
Уральский;Свердловская область;Сысерть
Центральный;Смоленская область;Сычёвка
Северо-Западный;Ленинградская область;Сясьстрой
Уральский;Свердловская область;Тавда
Южный;Ростовская область;Таганрог
Сибирский;Кемеровская область;Тайга
Сибирский;Иркутская область;Тайшет
Центральный;Московская область;Талдом
Уральский;Свердловская область;Талица
Центральный;Тамбовская область;Тамбов
Сибирский;Омская область;Тара
Уральский;Ямало-Ненецкий АО;Тарко-Сале
Центральный;Калужская область;Таруса
Сибирский;Новосибирская область;Татарск
Сибирский;Кемеровская область;Таштагол
Центральный;Тверская область;Тверь
Северо-Кавказский;Карачаево-Черкесия;Теберда
Центральный;Ивановская область;Тейково
Приволжский;Мордовия;Темников
Южный;Краснодарский край;Темрюк
Северо-Кавказский;Кабардино-Балкария;Терек
Приволжский;Татарстан;Тетюши
Южный;Краснодарский край;Тимашёвск
Северо-Западный;Ленинградская область;Тихвин
Южный;Краснодарский край;Тихорецк
Уральский;Тюменская область;Тобольск
Сибирский;Новосибирская область;Тогучин
Приволжский;Самарская область;Тольятти
Дальневосточный;Сахалинская область;Томари
Дальневосточный;Якутия;Томмот
Сибирский;Томская область;Томск
Сибирский;Кемеровская область;Топки
Центральный;Тверская область;Торжок
Центральный;Тверская область;Торопец
Северо-Западный;Ленинградская область;Тосно
Северо-Западный;Вологодская область;Тотьма
Центральный;Москва;Троицк
Уральский;Челябинская область;Троицк
Центральный;Брянская область;Трубчевск
Уральский;Челябинская область;Трёхгорный
Южный;Краснодарский край;Туапсе
Приволжский;Башкортостан;Туймазы
Центральный;Тульская область;Тула
Сибирский;Иркутская область;Тулун
Сибирский;Тыва;Туран
Уральский;Свердловская область;Туринск
Центральный;Ярославская область;Тутаев
Дальневосточный;Амурская область;Тында
Северо-Кавказский;Кабардино-Балкария;Тырныауз
Сибирский;Омская область;Тюкалинск
Уральский;Тюменская область;Тюмень
Центральный;Тамбовская область;Уварово
Дальневосточный;Сахалинская область;Углегорск
Центральный;Ярославская область;Углич
Дальневосточный;Якутия;Удачный
Центральный;Тверская область;Удомля
Сибирский;Красноярский край;Ужур
Центральный;Тульская область;Узловая
Сибирский;Бурятия;Улан-Удэ
Приволжский;Ульяновская область;Ульяновск
Центральный;Брянская область;Унеча
Уральский;Ханты-Мансийский АО;Урай
Приволжский;Нижегородская область;Урень
Приволжский;Кировская область;Уржум
Северо-Кавказский;Чечня;Урус-Мартан
Южный;Волгоградская область;Урюпинск
Северо-Западный;Коми;Усинск
Центральный;Липецкая область;Усмань
Сибирский;Иркутская область;Усолье-Сибирское
Приволжский;Пермский край;Усолье
Дальневосточный;Приморский край;Уссурийск
Северо-Кавказский;Карачаево-Черкесия;Усть-Джегута
Сибирский;Иркутская область;Усть-Илимск
Уральский;Челябинская область;Усть-Катав
Сибирский;Иркутская область;Усть-Кут
Южный;Краснодарский край;Усть-Лабинск
Северо-Западный;Вологодская область;Устюжна
Приволжский;Башкортостан;Уфа
Северо-Западный;Коми;Ухта
Приволжский;Башкортостан;Учалы
Сибирский;Красноярский край;Уяр
Центральный;Курская область;Фатеж
Южный;Крым;Феодосия
Центральный;Брянская область;Фокино
Дальневосточный;Приморский край;Фокино
Южный;Волгоградская область;Фролово
Центральный;Московская область;Фрязино
Центральный;Ивановская область;Фурманов
Дальневосточный;Хабаровский край;Хабаровск
Южный;Краснодарский край;Хадыженск
Уральский;Ханты-Мансийский АО;Ханты-Мансийск
Южный;Астраханская область;Харабали
Северо-Западный;Вологодская область;Харовск
Северо-Кавказский;Дагестан;Хасавюрт
Приволжский;Саратовская область;Хвалынск
Сибирский;Забайкальский край;Хилок
Центральный;Московская область;Химки
Северо-Западный;Новгородская область;Холм
Дальневосточный;Сахалинская область;Холмск
Центральный;Московская область;Хотьково
Приволжский;Чувашия;Цивильск
Южный;Ростовская область;Цимлянск
Дальневосточный;Амурская область;Циолковский
Сибирский;Тыва;Чадан
Приволжский;Пермский край;Чайковский
Приволжский;Самарская область;Чапаевск
Центральный;Липецкая область;Чаплыгин
Уральский;Челябинская область;Чебаркуль
Приволжский;Чувашия;Чебоксары
Северо-Кавказский;Кабардино-Балкария;Чегем
Центральный;Тульская область;Чекалин
Уральский;Челябинская область;Челябинск
Приволжский;Пермский край;Чердынь
Сибирский;Иркутская область;Черемхово
Сибирский;Новосибирская область;Черепаново
Северо-Западный;Вологодская область;Череповец
Северо-Кавказский;Карачаево-Черкесия;Черкесск
Центральный;Московская область;Черноголовка
Сибирский;Хакасия;Черногорск
Приволжский;Пермский край;Чернушка
Северо-Западный;Калининградская область;Черняховск
Центральный;Московская область;Чехов
Приволжский;Татарстан;Чистополь
Сибирский;Забайкальский край;Чита
Приволжский;Нижегородская область;Чкаловск
Северо-Западный;Новгородская область;Чудово
Сибирский;Новосибирская область;Чулым
Приволжский;Пермский край;Чусовой
Центральный;Костромская область;Чухлома
Приволжский;Пермский край;Чёрмоз
Сибирский;Тыва;Шагонар
Уральский;Курганская область;Шадринск
Северо-Кавказский;Чечня;Шали
Сибирский;Красноярский край;Шарыпово
Центральный;Костромская область;Шарья
Центральный;Московская область;Шатура
Южный;Ростовская область;Шахты
Приволжский;Нижегородская область;Шахунья
Центральный;Рязанская область;Шацк
Центральный;Белгородская область;Шебекино
Сибирский;Иркутская область;Шелехов
Северо-Западный;Архангельская область;Шенкурск
Сибирский;Забайкальский край;Шилка
Дальневосточный;Амурская область;Шимановск
Приволжский;Саратовская область;Шиханы
Северо-Западный;Ленинградская область;Шлиссельбург
Приволжский;Чувашия;Шумерля
Уральский;Курганская область;Шумиха
Центральный;Ивановская область;Шуя
Центральный;Москва;Щербинка
Центральный;Курская область;Щигры
Уральский;Курганская область;Щучье
Центральный;Тульская область;Щёкино
Южный;Крым;Щёлкино
Центральный;Московская область;Щёлково
Центральный;Московская область;Электрогорск
Центральный;Московская область;Электросталь
Центральный;Московская область;Электроугли
Южный;Калмыкия;Элиста
Приволжский;Саратовская область;Энгельс
Центральный;Воронежская область;Эртиль
Уральский;Ханты-Мансийский АО;Югорск
Центральный;Ивановская область;Южа
Дальневосточный;Сахалинская область;Южно-Сахалинск
Северо-Кавказский;Дагестан;Южно-Сухокумск
Уральский;Челябинская область;Южноуральск
Сибирский;Кемеровская область;Юрга
Центральный;Владимирская область;Юрьев-Польский
Центральный;Ивановская область;Юрьевец
Уральский;Челябинская область;Юрюзань
Центральный;Калужская область;Юхнов
Приволжский;Чувашия;Ядрин
Дальневосточный;Якутия;Якутск
Южный;Крым;Ялта
Уральский;Тюменская область;Ялуторовск
Приволжский;Башкортостан;Янаул
Приволжский;Кировская область;Яранск
Сибирский;Алтайский край;Яровое
Центральный;Ярославская область;Ярославль
Центральный;Смоленская область;Ярцево
Центральный;Тульская область;Ясногорск
Приволжский;Оренбургская область;Ясный
Центральный;Московская область;Яхрома
Центральный;Территории, находящиеся за пределами РФ;Бишкек
Центральный;Территории, находящиеся за пределами РФ;Душанбе
Центральный;Территории, находящиеся за пределами РФ;Ереван
Центральный;Территории, находящиеся за пределами РФ;Могилёв
Центральный;Московская область;Электроизолятор
Центральный;Московская область;пос.Черкизово
